frame,node_id,x,y,z
1,11,0.7466111779212952,0.228718101978302,0.03327895700931549
1,12,0.6918750405311584,0.2609451711177826,-0.6104060411453247
1,13,0.7399465441703796,0.4127248227596283,0.2067582607269287
1,14,0.6648426651954651,0.5323978066444397,-0.7078948616981506
1,15,0.7717479467391968,0.6242455244064331,0.1001172885298729
1,16,0.6949599385261536,0.7548977136611938,-0.7221541404724121
1,23,0.48028668761253357,0.28211870789527893,0.20364747941493988
1,24,0.4479121267795563,0.26358285546302795,-0.20374391973018646
2,11,0.7465628981590271,0.22582823038101196,0.04420778900384903
2,12,0.692352831363678,0.2618299722671509,-0.5956937670707703
2,13,0.7403458952903748,0.41298359632492065,0.22167335450649261
2,14,0.6645134091377258,0.5287095904350281,-0.6872638463973999
2,15,0.7717012166976929,0.6233826875686646,0.11453013867139816
2,16,0.6948526501655579,0.7535732388496399,-0.6938372850418091
2,23,0.47931966185569763,0.2790858745574951,0.20490488409996033
2,24,0.44701555371284485,0.26360803842544556,-0.20499037206172943
3,11,0.7452117800712585,0.22265547513961792,0.07297933846712112
3,12,0.6927557587623596,0.26251229643821716,-0.5774171352386475
3,13,0.7381314635276794,0.4116547107696533,0.26636531949043274
3,14,0.6641546487808228,0.5292873382568359,-0.6591968536376953
3,15,0.7694922089576721,0.6230931282043457,0.17805005609989166
3,16,0.6946180462837219,0.7535771131515503,-0.6311198472976685
3,23,0.4765753448009491,0.27558931708335876,0.2054230123758316
3,24,0.4462880790233612,0.2663840353488922,-0.2055053859949112
4,11,0.7433554530143738,0.22006358206272125,0.073755644261837
4,12,0.6930055618286133,0.2641651928424835,-0.5768101811408997
4,13,0.7341784238815308,0.4109530746936798,0.2721675932407379
4,14,0.6628264784812927,0.5298637747764587,-0.655633807182312
4,15,0.7670511603355408,0.6230890154838562,0.19525988399982452
4,16,0.6945244073867798,0.7540868520736694,-0.6231889128684998
4,23,0.47599974274635315,0.2719823718070984,0.20584727823734283
4,24,0.44493889808654785,0.26823052763938904,-0.2059328556060791
5,11,0.7423226237297058,0.21838203072547913,0.08488940447568893
5,12,0.693084180355072,0.26522666215896606,-0.5618023872375488
5,13,0.7278111577033997,0.4036431908607483,0.26502612233161926
5,14,0.6627858877182007,0.5301441550254822,-0.6357287168502808
5,15,0.7648060917854309,0.6230986714363098,0.19257183372974396
5,16,0.6945464015007019,0.754597008228302,-0.6007225513458252
5,23,0.47646841406822205,0.2698989808559418,0.20673801004886627
5,24,0.44537582993507385,0.26933714747428894,-0.20683692395687103
6,11,0.7425276041030884,0.21630389988422394,0.0813954696059227
6,12,0.6931736469268799,0.26575329899787903,-0.5626989603042603
6,13,0.728070855140686,0.4046716094017029,0.2619672119617462
6,14,0.6625382304191589,0.5302436351776123,-0.6375659108161926
6,15,0.7653242349624634,0.6218029856681824,0.1826351135969162
6,16,0.6945873498916626,0.7557066082954407,-0.6121488213539124
6,23,0.4767315983772278,0.26901182532310486,0.20688650012016296
6,24,0.4455204904079437,0.2700832188129425,-0.20699451863765717
7,11,0.7429795861244202,0.21876443922519684,0.0942821130156517
7,12,0.6937366127967834,0.2694886326789856,-0.5539602637290955
7,13,0.730504035949707,0.409408301115036,0.25868138670921326
7,14,0.6610036492347717,0.5305603742599487,-0.6363905072212219
7,15,0.7661164402961731,0.6217884421348572,0.13598015904426575
7,16,0.6945896744728088,0.7555988430976868,-0.6168190836906433
7,23,0.4781687259674072,0.26981672644615173,0.21002820134162903
7,24,0.44690409302711487,0.27252501249313354,-0.21018294990062714
8,11,0.743322491645813,0.21983054280281067,0.09636534005403519
8,12,0.6942201256752014,0.2724553346633911,-0.5533907413482666
8,13,0.7320398688316345,0.4118504524230957,0.2585742175579071
8,14,0.6603132486343384,0.5307503342628479,-0.6373708248138428
8,15,0.7674185633659363,0.6216424703598022,0.13025005161762238
8,16,0.6946392059326172,0.7556114196777344,-0.6195284128189087
8,23,0.4789722263813019,0.2702750861644745,0.2113463282585144
8,24,0.4479483366012573,0.2746363580226898,-0.21151193976402283
9,11,0.7435178160667419,0.2288672924041748,0.09202408790588379
9,12,0.6989253759384155,0.27376046776771545,-0.5626216530799866
9,13,0.7348333597183228,0.4148055613040924,0.23943443596363068
9,14,0.6588460803031921,0.5308344960212708,-0.6620610356330872
9,15,0.7694122791290283,0.6216505765914917,0.11256012320518494
9,16,0.6949959993362427,0.7554851770401001,-0.6724517941474915
9,23,0.48114773631095886,0.28652724623680115,0.21113638579845428
9,24,0.4549862742424011,0.27511924505233765,-0.21129441261291504
10,11,0.7438535690307617,0.23394626379013062,0.08939872682094574
10,12,0.70218425989151,0.27484992146492004,-0.5613290667533875
10,13,0.7348519563674927,0.41758984327316284,0.23998890817165375
10,14,0.6583912968635559,0.5316455364227295,-0.6608312129974365
10,15,0.7694814801216125,0.6216566562652588,0.12048007547855377
10,16,0.6951375007629395,0.7554817795753479,-0.6613965034484863
10,23,0.4825877249240875,0.29299479722976685,0.21052518486976624
10,24,0.45756882429122925,0.27659523487091064,-0.21067596971988678
11,11,0.746302604675293,0.24943050742149353,0.08424219489097595
11,12,0.7038498520851135,0.27673372626304626,-0.5600348711013794
11,13,0.7327005863189697,0.43208232522010803,0.2308131456375122
11,14,0.6546861529350281,0.530332088470459,-0.6566736102104187
11,15,0.7699464559555054,0.6217859983444214,0.11211277544498444
11,16,0.6953690648078918,0.7526805400848389,-0.6609646081924438
11,23,0.48341795802116394,0.3068811297416687,0.20772722363471985
11,24,0.46028491854667664,0.2813216745853424,-0.2079343944787979
12,11,0.7473649382591248,0.2509203851222992,0.07905814796686172
12,12,0.7058801054954529,0.2799186408519745,-0.5663848519325256
12,13,0.7297191023826599,0.4330649971961975,0.23695962131023407
12,14,0.654075026512146,0.5300074219703674,-0.6569151282310486
12,15,0.7694944143295288,0.6230138540267944,0.13355745375156403
12,16,0.6955642104148865,0.7521887421607971,-0.65618896484375
12,23,0.48447513580322266,0.3081349730491638,0.20696766674518585
12,24,0.4619083106517792,0.285637766122818,-0.20715896785259247
13,11,0.748389720916748,0.2628538906574249,0.05187273025512695
13,12,0.7055407166481018,0.31654372811317444,-0.62104731798172
13,13,0.7281412482261658,0.4513479769229889,0.2523213326931
13,14,0.6479538083076477,0.5436066389083862,-0.6752721071243286
13,15,0.7682404518127441,0.6264020204544067,0.1893012970685959
13,16,0.6955636739730835,0.7522189617156982,-0.6528472900390625
13,23,0.48602691292762756,0.31441351771354675,0.20747071504592896
13,24,0.4617975354194641,0.2995419204235077,-0.20760874450206757
14,11,0.7519554495811462,0.2645995616912842,0.03264568746089935
14,12,0.7030777931213379,0.3280523121356964,-0.6390678286552429
14,13,0.7314602136611938,0.4471602737903595,0.2873457074165344
14,14,0.6448095440864563,0.5531680583953857,-0.6966906189918518
14,15,0.776229202747345,0.6264090538024902,0.2733917832374573
14,16,0.6957879662513733,0.7521525621414185,-0.6645912528038025
14,23,0.48738864064216614,0.3151358962059021,0.20793987810611725
14,24,0.4614652395248413,0.3056325912475586,-0.20806360244750977
15,11,0.7556949853897095,0.2672886848449707,0.03436839580535889
15,12,0.7034433484077454,0.34642237424850464,-0.62590092420578
15,13,0.7320455312728882,0.44510191679000854,0.31581947207450867
15,14,0.6416083574295044,0.5592324733734131,-0.6900351643562317
15,15,0.7764149308204651,0.62637859582901,0.3401811420917511
15,16,0.6958945989608765,0.752409815788269,-0.6195036172866821
15,23,0.49127358198165894,0.3179323673248291,0.20824475586414337
15,24,0.46529319882392883,0.3199949264526367,-0.20834854245185852
16,11,0.7586954832077026,0.2689877152442932,0.032689690589904785
16,12,0.7040099501609802,0.3516530990600586,-0.630967915058136
16,13,0.7363457083702087,0.4433770775794983,0.3337829113006592
16,14,0.6408360004425049,0.563705563545227,-0.6813940405845642
16,15,0.7799314260482788,0.6270824670791626,0.3755469024181366
16,16,0.6965811848640442,0.7529102563858032,-0.6240292191505432
16,23,0.49347445368766785,0.3205344080924988,0.20870599150657654
16,24,0.46798694133758545,0.3248261511325836,-0.2087959498167038
17,11,0.7592121362686157,0.2830737233161926,0.033896494656801224
17,12,0.7061102986335754,0.3730829060077667,-0.6239471435546875
17,13,0.7305695414543152,0.4435824155807495,0.3161272704601288
17,14,0.6356164216995239,0.5759945511817932,-0.643581748008728
17,15,0.7766819000244141,0.6283643245697021,0.32804927229881287
17,16,0.6970127820968628,0.7555354237556458,-0.5546000599861145
17,23,0.49614372849464417,0.3265205919742584,0.2112356275320053
17,24,0.472898006439209,0.3407118618488312,-0.21128353476524353
18,11,0.7603291273117065,0.28671661019325256,0.037338756024837494
18,12,0.7075318694114685,0.3761361241340637,-0.6195341944694519
18,13,0.7328001856803894,0.4429987967014313,0.3502054512500763
18,14,0.6346374154090881,0.580031156539917,-0.6325634121894836
18,15,0.7811296582221985,0.6289268136024475,0.41880369186401367
18,16,0.6975768208503723,0.7584577798843384,-0.5507862567901611
18,23,0.49694257974624634,0.32950323820114136,0.21119235455989838
18,24,0.4734096825122833,0.34375303983688354,-0.21122609078884125
19,11,0.7620817422866821,0.29707735776901245,0.0440269336104393
19,12,0.7102506160736084,0.39724960923194885,-0.5910797715187073
19,13,0.719607412815094,0.43945935368537903,0.3749758005142212
19,14,0.6330997943878174,0.5885560512542725,-0.5784605145454407
19,15,0.7796736359596252,0.6250365376472473,0.4751361012458801
19,16,0.6981738805770874,0.7607119083404541,-0.46294766664505005
19,23,0.4977257549762726,0.33698931336402893,0.20966902375221252
19,24,0.47404879331588745,0.35757917165756226,-0.20965391397476196
20,11,0.7630323767662048,0.30091655254364014,0.05361673980951309
20,12,0.7123593688011169,0.40160441398620605,-0.5691986680030823
20,13,0.7193693518638611,0.43926095962524414,0.3684174120426178
20,14,0.6335002183914185,0.5933157801628113,-0.565112829208374
20,15,0.7788320183753967,0.6242631077766418,0.45287618041038513
20,16,0.6999495029449463,0.7662413716316223,-0.4560328423976898
20,23,0.4992160499095917,0.33864277601242065,0.20953795313835144
20,24,0.47756409645080566,0.36373886466026306,-0.20951806008815765
21,11,0.7667518258094788,0.317112535238266,0.062205515801906586
21,12,0.7195429801940918,0.41784706711769104,-0.5552733540534973
21,13,0.7073171734809875,0.44130319356918335,0.3652677536010742
21,14,0.6316154599189758,0.5942714810371399,-0.5331205129623413
21,15,0.7697083353996277,0.6208929419517517,0.4465758204460144
21,16,0.6999178528785706,0.7658969163894653,-0.39155834913253784
21,23,0.5017150044441223,0.348480761051178,0.20699231326580048
21,24,0.4822967052459717,0.37914273142814636,-0.20692643523216248
22,11,0.7699910402297974,0.32208168506622314,0.04848719760775566
22,12,0.7213303446769714,0.4302656054496765,-0.5591532588005066
22,13,0.7038589119911194,0.44099605083465576,0.3646359443664551
22,14,0.6305604577064514,0.5974001288414001,-0.5090053677558899
22,15,0.7664902210235596,0.6133617758750916,0.48882657289505005
22,16,0.7000371217727661,0.7661014795303345,-0.327235609292984
22,23,0.5056076049804688,0.3501456379890442,0.20087629556655884
22,24,0.4842928647994995,0.3803105354309082,-0.20078670978546143
23,11,0.7765228748321533,0.3420640528202057,0.043990667909383774
23,12,0.7259867191314697,0.4430948793888092,-0.527956485748291
23,13,0.7053446769714355,0.4485124945640564,0.3585818111896515
23,14,0.6299463510513306,0.6001350283622742,-0.4960232377052307
23,15,0.7643535137176514,0.6161043643951416,0.47976434230804443
23,16,0.700023889541626,0.7686403393745422,-0.35922861099243164
23,23,0.5073487162590027,0.3651435971260071,0.18897545337677002
23,24,0.48714932799339294,0.398887574672699,-0.18885454535484314
24,11,0.7767265439033508,0.3432256281375885,0.04133925586938858
24,12,0.7281490564346313,0.4525012969970703,-0.5279684066772461
24,13,0.7013940811157227,0.4549162685871124,0.35313063859939575
24,14,0.6290354132652283,0.6019107103347778,-0.5047498345375061
24,15,0.7609057426452637,0.6204670071601868,0.45320671796798706
24,16,0.6992055177688599,0.7673712968826294,-0.38074102997779846
24,23,0.5083949565887451,0.3692462742328644,0.18859849870204926
24,24,0.48770633339881897,0.4040403366088867,-0.1885145753622055
25,11,0.7843819856643677,0.3639567792415619,0.03946708142757416
25,12,0.7349944710731506,0.4680858254432678,-0.5317564010620117
25,13,0.6965225338935852,0.4688642919063568,0.3506183922290802
25,14,0.6282846927642822,0.6024897694587708,-0.4972546696662903
25,15,0.7532699108123779,0.6270800828933716,0.43815186619758606
25,16,0.6987618207931519,0.7671856880187988,-0.3562551438808441
25,23,0.5122267603874207,0.38127532601356506,0.18804964423179626
25,24,0.49170830845832825,0.4182932376861572,-0.18797317147254944
26,11,0.7839186787605286,0.36657336354255676,0.03056654892861843
26,12,0.7339786291122437,0.47432687878608704,-0.5177580714225769
26,13,0.6971622705459595,0.4702882766723633,0.34891849756240845
26,14,0.6273946166038513,0.6030799150466919,-0.48366981744766235
26,15,0.7547677755355835,0.6336469650268555,0.4561450779438019
26,16,0.6981499791145325,0.7662882208824158,-0.34969234466552734
26,23,0.5135842561721802,0.38216298818588257,0.18478435277938843
26,24,0.49209585785865784,0.42404425144195557,-0.18470896780490875
27,11,0.7897872924804688,0.3849751949310303,0.04786235839128494
27,12,0.7422477602958679,0.492013543844223,-0.4854939877986908
27,13,0.6971510052680969,0.47808584570884705,0.3488750755786896
27,14,0.6277307868003845,0.6023377776145935,-0.4478793144226074
27,15,0.7509322166442871,0.6438681483268738,0.44713690876960754
27,16,0.6977418065071106,0.765311598777771,-0.30133283138275146
27,23,0.5160908699035645,0.38999223709106445,0.18269340693950653
27,24,0.495124489068985,0.44051477313041687,-0.18257944285869598
28,11,0.7894113659858704,0.38581910729408264,0.05614533647894859
28,12,0.745640754699707,0.49661073088645935,-0.4665093719959259
28,13,0.6986734867095947,0.4799377918243408,0.3455372750759125
28,14,0.629270076751709,0.6039586663246155,-0.4391581118106842
28,15,0.751979410648346,0.6426795125007629,0.44050127267837524
28,16,0.6985694169998169,0.7653905749320984,-0.29919174313545227
28,23,0.5164951682090759,0.3936663568019867,0.17979605495929718
28,24,0.49568215012550354,0.44443321228027344,-0.1796649694442749
29,11,0.7952080368995667,0.3964691758155823,0.0493316613137722
29,12,0.7498250007629395,0.5126582980155945,-0.4759313762187958
29,13,0.6996423006057739,0.4810282588005066,0.342417448759079
29,14,0.6295983195304871,0.6061584949493408,-0.43426623940467834
29,15,0.7530252933502197,0.6449200510978699,0.44687002897262573
29,16,0.6990606188774109,0.7655945420265198,-0.27490031719207764
29,23,0.519707202911377,0.4041089415550232,0.17853116989135742
29,24,0.4990176856517792,0.4601519703865051,-0.17841197550296783
30,11,0.7936872839927673,0.3996984660625458,0.04505835101008415
30,12,0.752801775932312,0.5174714922904968,-0.4593607783317566
30,13,0.6931031346321106,0.48463231325149536,0.335103303194046
30,14,0.6299893856048584,0.6069245338439941,-0.4360499978065491
30,15,0.7390987277030945,0.6442825794219971,0.45170843601226807
30,16,0.6990546584129333,0.7669650912284851,-0.30681002140045166
30,23,0.5199488997459412,0.40700405836105347,0.17387078702449799
30,24,0.4997246563434601,0.46586185693740845,-0.17372913658618927
31,11,0.7982234954833984,0.40854349732398987,0.06791908293962479
31,12,0.7635629773139954,0.5313116312026978,-0.4206848442554474
31,13,0.6945837736129761,0.491656631231308,0.32585495710372925
31,14,0.6325353384017944,0.6065629720687866,-0.38736286759376526
31,15,0.7423017621040344,0.6472976207733154,0.4205579161643982
31,16,0.7001093626022339,0.768052875995636,-0.23838938772678375
31,23,0.5222020149230957,0.42351657152175903,0.17026793956756592
31,24,0.5031022429466248,0.48130419850349426,-0.1701056957244873
32,11,0.8004012107849121,0.4082292318344116,0.08082994818687439
32,12,0.7682090401649475,0.5318065285682678,-0.433526873588562
32,13,0.6945712566375732,0.4736967086791992,0.3369133174419403
32,14,0.635250449180603,0.6069316267967224,-0.4095255434513092
32,15,0.7443161010742188,0.6256041526794434,0.4678313136100769
32,16,0.7024039030075073,0.7696868181228638,-0.2619876563549042
32,23,0.522950291633606,0.4256021976470947,0.17199473083019257
32,24,0.5050904154777527,0.47889164090156555,-0.17182736098766327
33,11,0.8022089004516602,0.42203718423843384,0.05941774696111679
33,12,0.7667139768600464,0.56003338098526,-0.4531262218952179
33,13,0.7056978940963745,0.4414639472961426,0.36526522040367126
33,14,0.6353000402450562,0.6089710593223572,-0.4248676598072052
33,15,0.7560271620750427,0.6033963561058044,0.5707457661628723
33,16,0.7032459378242493,0.7717267274856567,-0.28198426961898804
33,23,0.5229408144950867,0.4333467483520508,0.17334122955799103
33,24,0.5052377581596375,0.4900902509689331,-0.17318904399871826
34,11,0.8014395833015442,0.42901840806007385,0.060625962913036346
34,12,0.7682350277900696,0.5584409832954407,-0.42976808547973633
34,13,0.7060840129852295,0.42177778482437134,0.37107980251312256
34,14,0.6353607177734375,0.608617901802063,-0.4245072603225708
34,15,0.7564964890480042,0.5760658979415894,0.5737086534500122
34,16,0.7041744589805603,0.7724983096122742,-0.29762834310531616
34,23,0.5229618549346924,0.43646687269210815,0.1730002611875534
34,24,0.5066624283790588,0.49585431814193726,-0.17284835875034332
35,11,0.8017900586128235,0.4457777440547943,0.10972285270690918
35,12,0.7775910496711731,0.5729532837867737,-0.39822643995285034
35,13,0.705924928188324,0.3937578499317169,0.409880131483078
35,14,0.6355991363525391,0.6090518832206726,-0.41622623801231384
35,15,0.7535094618797302,0.5541794300079346,0.6141138076782227
35,16,0.7040930390357971,0.7727543115615845,-0.3029908239841461
35,23,0.524088978767395,0.44509443640708923,0.17471666634082794
35,24,0.5092464089393616,0.5034758448600769,-0.17456528544425964
36,11,0.8009868860244751,0.4526715874671936,0.09351953864097595
36,12,0.7768651247024536,0.5739858746528625,-0.40178364515304565
36,13,0.7006682753562927,0.3906020224094391,0.38959363102912903
36,14,0.6353551149368286,0.606188178062439,-0.4034278392791748
36,15,0.7484477758407593,0.5446322560310364,0.5803283452987671
36,16,0.7031633257865906,0.7728509306907654,-0.28938865661621094
36,23,0.5237641930580139,0.44945892691612244,0.17375390231609344
36,24,0.5089777112007141,0.5084733366966248,-0.17361827194690704
37,11,0.8010755777359009,0.4581368863582611,0.09166649729013443
37,12,0.7744121551513672,0.5900422930717468,-0.3837806284427643
37,13,0.7376276850700378,0.3895551860332489,0.4084201455116272
37,14,0.6338253021240234,0.6056896448135376,-0.4091811180114746
37,15,0.7549121975898743,0.5086418390274048,0.6684723496437073
37,16,0.7011707425117493,0.7728291153907776,-0.39340320229530334
37,23,0.5248135328292847,0.4543176293373108,0.17393352091312408
37,24,0.5098190307617188,0.5163593292236328,-0.17375075817108154
38,11,0.8010547161102295,0.4639752507209778,0.04455220699310303
38,12,0.7724626064300537,0.5909830927848816,-0.3891655504703522
38,13,0.7511407136917114,0.392520546913147,0.3984229564666748
38,14,0.6323977112770081,0.6042340397834778,-0.48565131425857544
38,15,0.7693857550621033,0.5038793683052063,0.6885582804679871
38,16,0.698816180229187,0.7690136432647705,-0.4837832748889923
38,23,0.5257686972618103,0.4574327766895294,0.17539949715137482
38,24,0.5104256272315979,0.5177013278007507,-0.17537149786949158
39,11,0.800980806350708,0.4687905013561249,0.0463285930454731
39,12,0.7715227007865906,0.6029857993125916,-0.39087122678756714
39,13,0.7551171183586121,0.3832393288612366,0.4140937030315399
39,14,0.6316158771514893,0.6042516231536865,-0.4959123730659485
39,15,0.7765852212905884,0.4735616445541382,0.7398566007614136
39,16,0.6982134580612183,0.76841801404953,-0.5416467189788818
39,23,0.5257749557495117,0.4610554575920105,0.17639899253845215
39,24,0.5099272131919861,0.5233383774757385,-0.17649924755096436
40,11,0.800815999507904,0.475948691368103,0.04835312440991402
40,12,0.7713614106178284,0.6018645763397217,-0.40203818678855896
40,13,0.7505080103874207,0.3828251361846924,0.40653544664382935
40,14,0.6314623355865479,0.5990527272224426,-0.5036376118659973
40,15,0.7743431925773621,0.4752506911754608,0.7242202162742615
40,16,0.6958908438682556,0.7632160782814026,-0.5311928391456604
40,23,0.5256064534187317,0.4646531343460083,0.17666088044643402
40,24,0.5095804929733276,0.5261139869689941,-0.17682237923145294
41,11,0.8007771968841553,0.48350220918655396,0.0713757798075676
41,12,0.7707027792930603,0.6068649291992188,-0.3743874132633209
41,13,0.7533830404281616,0.3771524429321289,0.4208899140357971
41,14,0.6309959888458252,0.5954645276069641,-0.5045382380485535
41,15,0.7744214534759521,0.4728820323944092,0.7333222031593323
41,16,0.6938592791557312,0.7617876529693604,-0.5837537050247192
41,23,0.5255028605461121,0.46970170736312866,0.1768578439950943
41,24,0.509332537651062,0.5343383550643921,-0.17706774175167084
42,11,0.8007912039756775,0.48585981130599976,0.049383264034986496
42,12,0.7702738046646118,0.6119549870491028,-0.3755742013454437
42,13,0.752586841583252,0.38153076171875,0.42039620876312256
42,14,0.6308746337890625,0.5955986380577087,-0.4983157217502594
42,15,0.7746258974075317,0.48357319831848145,0.7005269527435303
42,16,0.694051206111908,0.7619452476501465,-0.5140051245689392
42,23,0.5256154537200928,0.4714984595775604,0.17729128897190094
42,24,0.5094452500343323,0.5360624194145203,-0.17752458155155182
43,11,0.8007176518440247,0.4918845295906067,0.04552106931805611
43,12,0.7700958847999573,0.6187907457351685,-0.3874785602092743
43,13,0.7551092505455017,0.37973979115486145,0.41576623916625977
43,14,0.6294851303100586,0.5957427024841309,-0.5222523808479309
43,15,0.7746062278747559,0.47734662890434265,0.7160941362380981
43,16,0.6938421130180359,0.7620850205421448,-0.607117235660553
43,23,0.525608241558075,0.4738767147064209,0.17812007665634155
43,24,0.509315013885498,0.5388071537017822,-0.17839764058589935
44,11,0.8011194467544556,0.4972292184829712,0.05940398573875427
44,12,0.7707685232162476,0.6137331128120422,-0.36954614520072937
44,13,0.7521198987960815,0.3808209300041199,0.40829822421073914
44,14,0.6294944882392883,0.592908501625061,-0.49138757586479187
44,15,0.7700828909873962,0.48586851358413696,0.6933220624923706
44,16,0.6917264461517334,0.7594980001449585,-0.5361871123313904
44,23,0.5263260006904602,0.47578877210617065,0.17643456161022186
44,24,0.5118595957756042,0.5400814414024353,-0.17667235434055328
45,11,0.8013099431991577,0.4961874485015869,0.059428974986076355
45,12,0.7714651823043823,0.6097593307495117,-0.37860268354415894
45,13,0.7511505484580994,0.38276633620262146,0.4056589901447296
45,14,0.630134105682373,0.588007926940918,-0.510140061378479
45,15,0.7645425200462341,0.4894269108772278,0.6989892721176147
45,16,0.6910476684570312,0.7596749067306519,-0.5715594291687012
45,23,0.5262737274169922,0.4761934280395508,0.17677602171897888
45,24,0.5121204853057861,0.5409572720527649,-0.1770370751619339
46,11,0.8014904260635376,0.49473243951797485,0.0686679556965828
46,12,0.7727528810501099,0.6074615716934204,-0.3848530948162079
46,13,0.7513284683227539,0.3834221065044403,0.4162731468677521
46,14,0.6312975883483887,0.5869109034538269,-0.5219125747680664
46,15,0.7632618546485901,0.4888659119606018,0.719081699848175
46,16,0.6911715269088745,0.7598104476928711,-0.5905998349189758
46,23,0.5262414813041687,0.4768664240837097,0.17890194058418274
46,24,0.5123542547225952,0.5402579307556152,-0.17918376624584198
47,11,0.8014720678329468,0.49307748675346375,0.07760723680257797
47,12,0.7741438150405884,0.6060712337493896,-0.3886148929595947
47,13,0.7504240870475769,0.38410770893096924,0.41278505325317383
47,14,0.6318936944007874,0.587307333946228,-0.4813251197338104
47,15,0.7602496147155762,0.4909246563911438,0.694340705871582
47,16,0.691318154335022,0.7598422169685364,-0.4746626913547516
47,23,0.5264574885368347,0.47738006711006165,0.179886132478714
47,24,0.5132452249526978,0.5407485961914062,-0.1801338642835617
48,11,0.8016039133071899,0.49146372079849243,0.09578464925289154
48,12,0.7758985757827759,0.6052569150924683,-0.3795703053474426
48,13,0.7498568296432495,0.3838910758495331,0.4103414714336395
48,14,0.6326470971107483,0.5875274538993835,-0.4460102617740631
48,15,0.7586240768432617,0.49125009775161743,0.6771406531333923
48,16,0.6917966604232788,0.760074257850647,-0.41497620940208435
48,23,0.5269500613212585,0.4769778549671173,0.18037284910678864
48,24,0.5142831802368164,0.5401722192764282,-0.18059009313583374
49,11,0.8016464710235596,0.49036887288093567,0.09269468486309052
49,12,0.7758572101593018,0.6046391129493713,-0.40412479639053345
49,13,0.7441324591636658,0.3897836208343506,0.40913593769073486
49,14,0.6331204175949097,0.5881029963493347,-0.4566662013530731
49,15,0.754306435585022,0.4950047433376312,0.6636979579925537
49,16,0.6921926736831665,0.7614154815673828,-0.4130151867866516
49,23,0.5270017385482788,0.4763700067996979,0.1817578822374344
49,24,0.5141773223876953,0.5393222570419312,-0.18194380402565002
50,11,0.8017024993896484,0.4898154139518738,0.09161027520895004
50,12,0.7758404612541199,0.6041547060012817,-0.4108331799507141
50,13,0.741530179977417,0.3924823999404907,0.40895798802375793
50,14,0.6335428357124329,0.5885660648345947,-0.4609171152114868
50,15,0.7526431083679199,0.496992290019989,0.6593645811080933
50,16,0.6924329996109009,0.7622613310813904,-0.4177214801311493
50,23,0.5270528793334961,0.47588223218917847,0.18225358426570892
50,24,0.5141388773918152,0.5388162136077881,-0.1824253797531128
51,11,0.8033337593078613,0.4800885319709778,0.02705095149576664
51,12,0.7751739025115967,0.6036831140518188,-0.4471685290336609
51,13,0.7434223294258118,0.3865916132926941,0.35252609848976135
51,14,0.633506178855896,0.5886412262916565,-0.46129313111305237
51,15,0.7518476247787476,0.5124669075012207,0.5778881311416626
51,16,0.6931861042976379,0.7622275948524475,-0.3776797652244568
51,23,0.5274933576583862,0.4694114327430725,0.1814510077238083
51,24,0.5138790607452393,0.536166787147522,-0.18157558143138885
52,11,0.8045404553413391,0.47475042939186096,0.01300427969545126
52,12,0.7747940421104431,0.603412926197052,-0.45683830976486206
52,13,0.7430040836334229,0.3880111873149872,0.3395092189311981
52,14,0.6331897974014282,0.5887552499771118,-0.4620806574821472
52,15,0.7507799863815308,0.5209840536117554,0.5593588948249817
52,16,0.6935928463935852,0.7621874809265137,-0.370213121175766
52,23,0.527844250202179,0.465587854385376,0.18064147233963013
52,24,0.5136929154396057,0.5345911979675293,-0.18072961270809174
53,11,0.8046313524246216,0.4692840278148651,0.015084298327565193
53,12,0.774492621421814,0.5968644618988037,-0.4672730267047882
53,13,0.74159836769104,0.3881589472293854,0.34474998712539673
53,14,0.6323497295379639,0.5909820795059204,-0.46186989545822144
53,15,0.7499674558639526,0.5270031690597534,0.5695722699165344
53,16,0.696211040019989,0.7625076174736023,-0.3525608479976654
53,23,0.5278703570365906,0.4626774191856384,0.18079014122486115
53,24,0.5132839679718018,0.5312938690185547,-0.18085873126983643
54,11,0.8049056529998779,0.46552979946136475,0.021231500431895256
54,12,0.7744686603546143,0.5936712622642517,-0.4711996018886566
54,13,0.7389523983001709,0.3884393870830536,0.3440232276916504
54,14,0.6318193674087524,0.591561496257782,-0.4479040801525116
54,15,0.7450680732727051,0.5286670327186584,0.5486894845962524
54,16,0.6974893808364868,0.7626408338546753,-0.30121707916259766
54,23,0.5279310345649719,0.46112778782844543,0.18143294751644135
54,24,0.5132283568382263,0.5293749570846558,-0.1814688742160797
55,11,0.804875910282135,0.4404467046260834,0.0161304771900177
55,12,0.775831401348114,0.5787652730941772,-0.46564996242523193
55,13,0.7068349719047546,0.3884938359260559,0.31939074397087097
55,14,0.6330639123916626,0.5946820974349976,-0.41042450070381165
55,15,0.7405166029930115,0.548240602016449,0.4930911362171173
55,16,0.6996549367904663,0.7644592523574829,-0.23698829114437103
55,23,0.5279501676559448,0.45201823115348816,0.17767024040222168
55,24,0.5133941769599915,0.5232039093971252,-0.17766495048999786
56,11,0.8060701489448547,0.43476542830467224,0.017599407583475113
56,12,0.7786574959754944,0.5706056356430054,-0.4728805720806122
56,13,0.7001062631607056,0.3876410126686096,0.3284342586994171
56,14,0.6337975263595581,0.5948407649993896,-0.41810721158981323
56,15,0.7392709851264954,0.5547688603401184,0.48426195979118347
56,16,0.7001599669456482,0.7644131183624268,-0.24468670785427094
56,23,0.5280675292015076,0.45005494356155396,0.1781976968050003
56,24,0.5136383771896362,0.5191169381141663,-0.178159698843956
57,11,0.8064988851547241,0.421036958694458,0.01813683472573757
57,12,0.7786600589752197,0.5476869344711304,-0.4802541732788086
57,13,0.6918562054634094,0.4326030910015106,0.3080977499485016
57,14,0.6346890926361084,0.5988322496414185,-0.4251209795475006
57,15,0.7403770685195923,0.5968249440193176,0.4242998957633972
57,16,0.7014866471290588,0.7669306993484497,-0.24977847933769226
57,23,0.5285021066665649,0.44563010334968567,0.1781143695116043
57,24,0.513624370098114,0.5121625065803528,-0.17805422842502594
58,11,0.806466817855835,0.41403019428253174,0.023533141240477562
58,12,0.7783122062683105,0.5462546944618225,-0.4947778284549713
58,13,0.693800151348114,0.430769681930542,0.3138810396194458
58,14,0.6347436904907227,0.6002726554870605,-0.42538371682167053
58,15,0.742283821105957,0.5908732414245605,0.4280823767185211
58,16,0.7035384178161621,0.7664111256599426,-0.258316308259964
58,23,0.5283994674682617,0.44424131512641907,0.1805671602487564
58,24,0.5133859515190125,0.510809063911438,-0.1804901659488678
59,11,0.8064513206481934,0.40120503306388855,0.04048875719308853
59,12,0.7753304839134216,0.5249418020248413,-0.4868292212486267
59,13,0.6994054913520813,0.44614049792289734,0.3200434446334839
59,14,0.6366857886314392,0.6035248041152954,-0.4269416034221649
59,15,0.746890664100647,0.6120503544807434,0.4338003396987915
59,16,0.7042540907859802,0.767870306968689,-0.2732812762260437
59,23,0.5280511975288391,0.4400630295276642,0.17848333716392517
59,24,0.5129921436309814,0.5038976669311523,-0.1783904880285263
60,11,0.8071174025535583,0.39222291111946106,-0.017431393265724182
60,12,0.7673059701919556,0.5261227488517761,-0.5253852009773254
60,13,0.7020487189292908,0.4387390911579132,0.312166303396225
60,14,0.6362237334251404,0.603656530380249,-0.46649086475372314
60,15,0.7489165663719177,0.6024767160415649,0.45810359716415405
60,16,0.7032521367073059,0.7681860327720642,-0.3136526644229889
60,23,0.5283634662628174,0.4339798092842102,0.177919402718544
60,24,0.5119134783744812,0.49812623858451843,-0.1778462529182434
61,11,0.8065778613090515,0.38336095213890076,-0.012390881776809692
61,12,0.7600298523902893,0.515192449092865,-0.5180569291114807
61,13,0.70511794090271,0.4612087607383728,0.3086286783218384
61,14,0.6362267732620239,0.6057896018028259,-0.4733395576477051
61,15,0.7524259686470032,0.6218263506889343,0.4487107992172241
61,16,0.7020763158798218,0.7688300609588623,-0.32424095273017883
61,23,0.5275719165802002,0.4195673167705536,0.17731572687625885
61,24,0.5100125670433044,0.4870866537094116,-0.17723773419857025
62,11,0.8070472478866577,0.3813370168209076,-0.022946227341890335
62,12,0.7561646103858948,0.5126885771751404,-0.5224059820175171
62,13,0.7126691937446594,0.4602237939834595,0.31039807200431824
62,14,0.6361961960792542,0.6056893467903137,-0.47331702709198
62,15,0.7621217966079712,0.6157577037811279,0.4637247323989868
62,16,0.7015637159347534,0.7695261240005493,-0.3242539167404175
62,23,0.5273466110229492,0.41602692008018494,0.17666086554527283
62,24,0.5078538656234741,0.4835953414440155,-0.17659062147140503
63,11,0.8040496706962585,0.3686215877532959,-0.014056178741157055
63,12,0.7487959861755371,0.49244096875190735,-0.5380192995071411
63,13,0.7148579359054565,0.45999157428741455,0.30020302534103394
63,14,0.6360569000244141,0.605508029460907,-0.4987889230251312
63,15,0.7629173994064331,0.6260508298873901,0.4052208364009857
63,16,0.7016016244888306,0.7701824903488159,-0.34116849303245544
63,23,0.5264032483100891,0.4056343138217926,0.17904424667358398
63,24,0.5049870014190674,0.47077420353889465,-0.17899581789970398
64,11,0.8027023673057556,0.3620634973049164,-0.011036171577870846
64,12,0.746956467628479,0.49060237407684326,-0.5304574966430664
64,13,0.7191673517227173,0.4551725685596466,0.2932436466217041
64,14,0.636083722114563,0.6039955019950867,-0.49212080240249634
64,15,0.7647741436958313,0.6199100613594055,0.4051907956600189
64,16,0.7024456262588501,0.7719510197639465,-0.34073126316070557
64,23,0.526408314704895,0.39719289541244507,0.17927895486354828
64,24,0.5049325823783875,0.4649871587753296,-0.17923632264137268
65,11,0.7975671887397766,0.3473375141620636,-0.0070998892188072205
65,12,0.7385374903678894,0.4644290506839752,-0.5344983339309692
65,13,0.7317716479301453,0.4525821805000305,0.2919551134109497
65,14,0.6357578039169312,0.599209725856781,-0.5144442319869995
65,15,0.7709919214248657,0.6163180470466614,0.38802051544189453
65,16,0.702201783657074,0.7719833254814148,-0.3884802460670471
65,23,0.5245801210403442,0.38944685459136963,0.18141016364097595
65,24,0.5018618702888489,0.4469025135040283,-0.1813810020685196
66,11,0.7931481599807739,0.3474563658237457,-0.007633496541529894
66,12,0.7364036440849304,0.4629846215248108,-0.566720187664032
66,13,0.7314136624336243,0.4511595070362091,0.2968638837337494
66,14,0.6340304613113403,0.5967611074447632,-0.5508451461791992
66,15,0.7710323333740234,0.6196576356887817,0.39367419481277466
66,16,0.702178418636322,0.7722864747047424,-0.4290168285369873
66,23,0.5218496918678284,0.382962167263031,0.18751086294651031
66,24,0.49856746196746826,0.44775134325027466,-0.18750523030757904
67,11,0.7896824479103088,0.3316769003868103,0.006229784339666367
67,12,0.7340525984764099,0.4329666197299957,-0.555797278881073
67,13,0.7355683445930481,0.4459511637687683,0.2893378436565399
67,14,0.6342403292655945,0.5869285464286804,-0.5429310202598572
67,15,0.7735706567764282,0.6172604560852051,0.3449527323246002
67,16,0.7019367814064026,0.7718784213066101,-0.41339266300201416
67,23,0.5218084454536438,0.37349429726600647,0.18875326216220856
67,24,0.4980764091014862,0.42032086849212646,-0.1887504905462265
68,11,0.785595715045929,0.3329394459724426,0.006089844275265932
68,12,0.7321022748947144,0.425961971282959,-0.5581024289131165
68,13,0.7353425621986389,0.44852548837661743,0.27158844470977783
68,14,0.6345100998878479,0.5862182974815369,-0.546524167060852
68,15,0.7723677158355713,0.6218686699867249,0.2900407910346985
68,16,0.7017510533332825,0.7707144021987915,-0.41597890853881836
68,23,0.5170326232910156,0.37003231048583984,0.18928492069244385
68,24,0.4925869107246399,0.424186110496521,-0.18928472697734833
69,11,0.7793031930923462,0.31733405590057373,0.019820671528577805
69,12,0.7270218729972839,0.40513408184051514,-0.5639339089393616
69,13,0.7374987602233887,0.45593929290771484,0.27078354358673096
69,14,0.6346914172172546,0.5840386748313904,-0.5664421916007996
69,15,0.772718071937561,0.6243717670440674,0.2661553621292114
69,16,0.7011418342590332,0.7686218619346619,-0.45613786578178406
69,23,0.5140798091888428,0.3561542332172394,0.19303235411643982
69,24,0.489682674407959,0.3989276587963104,-0.19304706156253815
70,11,0.7739890813827515,0.3168611526489258,0.027723144739866257
70,12,0.7251761555671692,0.4026726186275482,-0.5594649910926819
70,13,0.7357821464538574,0.46680793166160583,0.265062153339386
70,14,0.6347705125808716,0.5819774270057678,-0.5622715950012207
70,15,0.7657959461212158,0.6413504481315613,0.24305319786071777
70,16,0.700743556022644,0.7673970460891724,-0.4451349377632141
70,23,0.5083408355712891,0.35644596815109253,0.19309763610363007
70,24,0.48304876685142517,0.401898056268692,-0.19311515986919403
71,11,0.772516131401062,0.2986734211444855,0.0475148931145668
71,12,0.7202369570732117,0.38375458121299744,-0.566586434841156
71,13,0.7369868159294128,0.4670262038707733,0.2714219093322754
71,14,0.6382278800010681,0.5735352039337158,-0.5903221964836121
71,15,0.7665835618972778,0.6398079991340637,0.24305486679077148
71,16,0.6996129155158997,0.7626070380210876,-0.4933460056781769
71,23,0.505374550819397,0.33935433626174927,0.19759367406368256
71,24,0.479466050863266,0.3826443552970886,-0.19763138890266418
72,11,0.7677966356277466,0.29832878708839417,0.050828177481889725
72,12,0.7195026874542236,0.37510940432548523,-0.5611540079116821
72,13,0.7360666394233704,0.4651261866092682,0.27428045868873596
72,14,0.638370156288147,0.573833167552948,-0.5850315690040588
72,15,0.7665399312973022,0.6370378136634827,0.25095096230506897
72,16,0.6987199187278748,0.7618427276611328,-0.49185100197792053
72,23,0.5039275884628296,0.3385261595249176,0.19724063575267792
72,24,0.47858908772468567,0.3771589696407318,-0.19728659093379974
73,11,0.7662870287895203,0.2826741337776184,0.06018974259495735
73,12,0.71461421251297,0.357589989900589,-0.5601390600204468
73,13,0.7390589714050293,0.46497559547424316,0.2761339843273163
73,14,0.6415958404541016,0.5692470669746399,-0.6063650250434875
73,15,0.7695028185844421,0.636421799659729,0.2441907823085785
73,16,0.698700487613678,0.7604901194572449,-0.5385174751281738
73,23,0.5000505447387695,0.3266652226448059,0.19727970659732819
73,24,0.47216781973838806,0.3554389476776123,-0.19733484089374542
74,11,0.76487797498703,0.28358861804008484,0.05369481444358826
74,12,0.713483452796936,0.3468683362007141,-0.565682053565979
74,13,0.7382523417472839,0.46401482820510864,0.2652403712272644
74,14,0.6417190432548523,0.5642389059066772,-0.6104430556297302
74,15,0.769324779510498,0.6351739764213562,0.2194867879152298
74,16,0.6971045732498169,0.7583206295967102,-0.5509267449378967
74,23,0.49903300404548645,0.3278299868106842,0.19756944477558136
74,24,0.47161033749580383,0.35440051555633545,-0.19761770963668823
75,11,0.7623330354690552,0.27241411805152893,0.0579741932451725
75,12,0.7094827890396118,0.3318248689174652,-0.5731775760650635
75,13,0.7379299402236938,0.4619627296924591,0.25930842757225037
75,14,0.6441499590873718,0.5613189935684204,-0.6376277804374695
75,15,0.7687236666679382,0.6350096464157104,0.189128115773201
75,16,0.6967357397079468,0.7585029602050781,-0.6007892489433289
75,23,0.49438560009002686,0.3209938108921051,0.1985774040222168
75,24,0.46586447954177856,0.3352779746055603,-0.19863282144069672
76,11,0.7588555216789246,0.26795727014541626,0.06388413161039352
76,12,0.7112404108047485,0.3211516737937927,-0.5696053504943848
76,13,0.7391425967216492,0.4601452350616455,0.24677175283432007
76,14,0.6479618549346924,0.5591182112693787,-0.6364579200744629
76,15,0.7707748413085938,0.6353552937507629,0.17162831127643585
76,16,0.6967501640319824,0.7585892677307129,-0.622603178024292
76,23,0.4947166442871094,0.31578370928764343,0.19897671043872833
76,24,0.4677388370037079,0.32896173000335693,-0.19904518127441406
77,11,0.7543238401412964,0.26242902874946594,0.06310912221670151
77,12,0.7016071081161499,0.3159424662590027,-0.5711724162101746
77,13,0.7386578321456909,0.4538666903972626,0.2499491572380066
77,14,0.6479714512825012,0.5605391263961792,-0.6356425285339355
77,15,0.7705346941947937,0.6352575421333313,0.1759679764509201
77,16,0.6967579126358032,0.7587018013000488,-0.603593647480011
77,23,0.49037355184555054,0.3095337450504303,0.19984424114227295
77,24,0.4616446793079376,0.31465718150138855,-0.1999092996120453
78,11,0.7546225786209106,0.26086199283599854,0.05970534309744835
78,12,0.7032524347305298,0.3095618486404419,-0.5674516558647156
78,13,0.7391582727432251,0.4480186104774475,0.2458835393190384
78,14,0.6477414965629578,0.5593959093093872,-0.6228868961334229
78,15,0.77274090051651,0.634986162185669,0.17733468115329742
78,16,0.6972438097000122,0.7587408423423767,-0.5862491130828857
78,23,0.49171432852745056,0.30964547395706177,0.19877417385578156
78,24,0.462894469499588,0.3067915141582489,-0.19883280992507935
79,11,0.7531033754348755,0.25013089179992676,0.07175160944461823
79,12,0.701765775680542,0.2975389063358307,-0.5447458028793335
79,13,0.7393598556518555,0.4336402416229248,0.24996282160282135
79,14,0.6518644690513611,0.5572712421417236,-0.6058976054191589
79,15,0.7736624479293823,0.6337610483169556,0.18052421510219574
79,16,0.6973015666007996,0.7596247792243958,-0.5687896609306335
79,23,0.49026384949684143,0.3005676865577698,0.19862402975559235
79,24,0.46095994114875793,0.29892370104789734,-0.1986830234527588
80,11,0.7484895586967468,0.24719151854515076,0.10294515639543533
80,12,0.7030493021011353,0.2917795479297638,-0.5234860181808472
80,13,0.7299633026123047,0.41753217577934265,0.26333531737327576
80,14,0.6528733372688293,0.5566937327384949,-0.5840528607368469
80,15,0.7496312260627747,0.6187540292739868,0.18954072892665863
80,16,0.6972511410713196,0.7611332535743713,-0.5337516069412231
80,23,0.4883884787559509,0.30248209834098816,0.19854822754859924
80,24,0.46055588126182556,0.2927250564098358,-0.198603093624115
81,11,0.7476439476013184,0.24302348494529724,0.09160676598548889
81,12,0.6993837952613831,0.2847181558609009,-0.5221465229988098
81,13,0.7266467213630676,0.40334054827690125,0.2542807459831238
81,14,0.6527922749519348,0.5527128577232361,-0.5791318416595459
81,15,0.7529568672180176,0.6257005929946899,0.16320087015628815
81,16,0.6964815258979797,0.7624773383140564,-0.5342438220977783
81,23,0.48671236634254456,0.2954767048358917,0.19847309589385986
81,24,0.4570411443710327,0.28324589133262634,-0.19852827489376068
82,11,0.7463475465774536,0.2339528352022171,0.10548951476812363
82,12,0.7004431486129761,0.27760177850723267,-0.486660897731781
82,13,0.7261942028999329,0.3983990550041199,0.25418877601623535
82,14,0.6577131152153015,0.5474022030830383,-0.5505217909812927
82,15,0.7545843720436096,0.6276580095291138,0.1649971902370453
82,16,0.6967427730560303,0.7628194093704224,-0.5256255269050598
82,23,0.48624053597450256,0.2896941900253296,0.19643060863018036
82,24,0.4565168619155884,0.28457140922546387,-0.196498304605484
83,11,0.7465959787368774,0.23572875559329987,0.10432405769824982
83,12,0.700133740901947,0.2710725963115692,-0.5054197311401367
83,13,0.7304261922836304,0.39893385767936707,0.25022080540657043
83,14,0.6623609066009521,0.5413898825645447,-0.564204752445221
83,15,0.7551208138465881,0.6273736357688904,0.14036765694618225
83,16,0.6967135667800903,0.7624104022979736,-0.5652415156364441
83,23,0.4860711395740509,0.28597292304039,0.1981486827135086
83,24,0.45546478033065796,0.27566155791282654,-0.19822295010089874
84,11,0.7451019287109375,0.23146000504493713,0.09858597815036774
84,12,0.6987859010696411,0.2724696099758148,-0.525734007358551
84,13,0.7309727668762207,0.40359610319137573,0.25102710723876953
84,14,0.6629505753517151,0.5385855436325073,-0.6107046008110046
84,15,0.7555856704711914,0.627581000328064,0.1422034054994583
84,16,0.6964373588562012,0.7603057622909546,-0.5985782146453857
84,23,0.4830937385559082,0.28436270356178284,0.20139646530151367
84,24,0.45248767733573914,0.27630192041397095,-0.20147237181663513
85,11,0.7460010647773743,0.23118866980075836,0.08781972527503967
85,12,0.6959152817726135,0.2631567120552063,-0.5581237077713013
85,13,0.7328965067863464,0.40771594643592834,0.23980712890625
85,14,0.6639009118080139,0.529533863067627,-0.6527966260910034
85,15,0.7562028765678406,0.627880871295929,0.11786359548568726
85,16,0.6960262060165405,0.757884681224823,-0.6525605320930481
85,23,0.48283785581588745,0.285006046295166,0.20328642427921295
85,24,0.45104363560676575,0.2700463831424713,-0.20338504016399384
86,11,0.7466046810150146,0.23072169721126556,0.07473763823509216
86,12,0.6941826939582825,0.26091694831848145,-0.563072144985199
86,13,0.7364439964294434,0.40823015570640564,0.24134108424186707
86,14,0.6651628613471985,0.5278958082199097,-0.6448831558227539
86,15,0.7583627104759216,0.6276642084121704,0.1351441890001297
86,16,0.6960317492485046,0.7569910883903503,-0.6292815208435059
86,23,0.4827170670032501,0.28400105237960815,0.20316341519355774
86,24,0.4495272934436798,0.27028849720954895,-0.2032618522644043
87,11,0.7463794946670532,0.2307298630475998,0.0687093436717987
87,12,0.6939553022384644,0.26004621386528015,-0.5676617622375488
87,13,0.7383359670639038,0.4099664092063904,0.22346405684947968
87,14,0.6676475405693054,0.5257065296173096,-0.6578310132026672
87,15,0.7623796463012695,0.6266780495643616,0.10278501361608505
87,16,0.6958526968955994,0.7570227980613708,-0.6556331515312195
87,23,0.4816755950450897,0.28414833545684814,0.20370043814182281
87,24,0.44883793592453003,0.2640138268470764,-0.2038014978170395
88,11,0.7467247247695923,0.22903485596179962,0.06957360357046127
88,12,0.6939100027084351,0.2618601322174072,-0.567929208278656
88,13,0.7393969297409058,0.40977761149406433,0.22652903199195862
88,14,0.6680781245231628,0.5255354046821594,-0.6495968103408813
88,15,0.7628881335258484,0.6258536577224731,0.12385547161102295
88,16,0.6954128742218018,0.7554859519004822,-0.6309210062026978
88,23,0.4810906946659088,0.2815765142440796,0.2043682336807251
88,24,0.44765543937683105,0.2642296552658081,-0.20445235073566437
89,11,0.7466638684272766,0.22608041763305664,0.06795473396778107
89,12,0.6939055323600769,0.2617987394332886,-0.5724731683731079
89,13,0.7400134205818176,0.4106510281562805,0.23114696145057678
89,14,0.6687389612197876,0.5266450047492981,-0.6521821022033691
89,15,0.7629703283309937,0.6255058646202087,0.13210371136665344
89,16,0.6949836015701294,0.755316972732544,-0.6322808265686035
89,23,0.4798245131969452,0.2784634828567505,0.20510023832321167
89,24,0.4466076195240021,0.2636268734931946,-0.20517726242542267
